anio,semana_epi,provincia,temp,hum,precip_mm
2022,1,Buenos Aires,24.7,52.0,0.0
2022,1,CABA,24.0,60.8,0.0
2022,1,Catamarca,28.6,44.6,0.3
2022,1,Chaco,27.5,63.5,0.1
2022,1,Chubut,21.1,41.6,0.0
2022,1,Corrientes,27.5,55.9,0.1
2022,1,Córdoba,26.0,51.2,0.1
2022,1,Entre Ríos,26.3,53.2,0.0
2022,1,Formosa,29.4,54.9,0.2
2022,1,Jujuy,20.0,63.7,0.6
2022,1,La Pampa,25.8,50.5,0.0
2022,1,La Rioja,28.3,43.7,0.2
2022,1,Mendoza,25.6,44.8,0.1
2022,1,Misiones,24.1,70.0,0.5
2022,1,Neuquén,23.3,42.7,0.0
2022,1,Río Negro,22.4,42.7,0.1
2022,1,Salta,26.0,62.4,0.6
2022,1,San Juan,29.3,38.1,0.2
2022,1,San Luis,26.4,47.0,0.1
2022,1,Santa Cruz,14.5,45.4,0.1
2022,1,Santa Fe,27.7,53.4,0.0
2022,1,Santiago del Estero,29.7,46.3,0.3
2022,1,Tierra del Fuego,8.2,61.3,0.2
2022,1,Tucumán,27.0,64.1,0.3
2022,2,Buenos Aires,29.9,48.8,0.1
2022,2,CABA,28.9,62.4,0.2
2022,2,Catamarca,33.1,29.8,0.0
2022,2,Chaco,32.0,46.4,0.0
2022,2,Chubut,20.8,34.8,0.0
2022,2,Corrientes,32.3,43.6,0.0
2022,2,Córdoba,31.9,41.8,0.1
2022,2,Entre Ríos,32.1,44.0,0.1
2022,2,Formosa,32.8,40.0,0.0
2022,2,Jujuy,21.6,51.2,0.1
2022,2,La Pampa,31.1,44.9,0.0
2022,2,La Rioja,33.3,27.3,0.0
2022,2,Mendoza,28.9,40.2,0.0
2022,2,Misiones,27.1,57.7,0.0
2022,2,Neuquén,23.8,30.8,0.0
2022,2,Río Negro,22.5,42.2,0.0
2022,2,Salta,28.9,44.4,0.0
2022,2,San Juan,33.3,32.5,0.0
2022,2,San Luis,31.5,35.3,0.1
2022,2,Santa Cruz,12.4,47.4,0.2
2022,2,Santa Fe,33.2,41.4,0.1
2022,2,Santiago del Estero,34.5,32.3,0.0
2022,2,Tierra del Fuego,6.7,64.1,0.7
2022,2,Tucumán,31.9,40.3,0.0
2022,3,Buenos Aires,21.2,82.4,1.4
2022,3,CABA,23.5,81.4,1.2
2022,3,Catamarca,25.7,66.5,0.5
2022,3,Chaco,32.9,52.5,0.3
2022,3,Chubut,15.9,57.2,0.3
2022,3,Corrientes,32.1,57.7,0.3
2022,3,Córdoba,22.0,78.4,1.2
2022,3,Entre Ríos,26.2,77.0,1.2
2022,3,Formosa,33.9,41.7,0.1
2022,3,Jujuy,19.0,72.6,1.0
2022,3,La Pampa,19.8,82.5,0.6
2022,3,La Rioja,25.3,59.2,0.4
2022,3,Mendoza,19.6,56.4,0.2
2022,3,Misiones,29.7,51.6,0.1
2022,3,Neuquén,15.4,54.8,0.3
2022,3,Río Negro,15.5,64.7,0.5
2022,3,Salta,25.1,70.1,0.7
2022,3,San Juan,25.9,50.7,0.2
2022,3,San Luis,20.5,72.4,0.6
2022,3,Santa Cruz,14.1,55.6,0.1
2022,3,Santa Fe,27.0,71.9,1.0
2022,3,Santiago del Estero,27.2,68.6,0.7
2022,3,Tierra del Fuego,9.1,75.1,0.2
2022,3,Tucumán,24.6,80.0,0.9
2022,4,Buenos Aires,21.8,66.3,0.3
2022,4,CABA,22.4,69.7,0.4
2022,4,Catamarca,24.4,63.8,1.1
2022,4,Chaco,28.6,59.2,0.2
2022,4,Chubut,19.7,45.2,0.0
2022,4,Corrientes,28.0,59.6,0.3
2022,4,Córdoba,22.6,70.9,0.8
2022,4,Entre Ríos,23.4,72.1,0.3
2022,4,Formosa,30.3,56.9,0.3
2022,4,Jujuy,18.1,78.8,1.1
2022,4,La Pampa,23.6,63.8,0.4
2022,4,La Rioja,24.1,66.7,0.9
2022,4,Mendoza,23.0,62.1,0.9
2022,4,Misiones,25.5,69.4,0.5
2022,4,Neuquén,22.3,38.6,0.0
2022,4,Río Negro,20.7,47.3,0.1
2022,4,Salta,23.6,76.2,1.3
2022,4,San Juan,26.8,58.0,0.7
2022,4,San Luis,24.0,61.2,0.2
2022,4,Santa Cruz,14.7,46.1,0.1
2022,4,Santa Fe,24.1,72.1,0.6
2022,4,Santiago del Estero,25.2,70.2,1.1
2022,4,Tierra del Fuego,8.7,72.9,0.6
2022,4,Tucumán,22.8,80.2,2.0
2022,5,Buenos Aires,20.8,67.2,0.4
2022,5,CABA,22.0,66.6,0.2
2022,5,Catamarca,24.7,57.9,0.4
2022,5,Chaco,27.9,56.7,1.0
2022,5,Chubut,18.5,49.5,0.0
2022,5,Corrientes,28.0,55.7,0.5
2022,5,Córdoba,22.5,66.8,0.2
2022,5,Entre Ríos,24.3,66.0,0.1
2022,5,Formosa,29.0,53.3,1.0
2022,5,Jujuy,17.4,71.9,0.9
2022,5,La Pampa,21.8,61.9,0.4
2022,5,La Rioja,24.8,59.1,0.3
2022,5,Mendoza,21.1,54.7,0.4
2022,5,Misiones,25.2,66.9,0.7
2022,5,Neuquén,21.2,41.1,0.1
2022,5,Río Negro,19.1,52.0,0.1
2022,5,Salta,23.0,71.1,0.8
2022,5,San Juan,25.6,48.9,0.3
2022,5,San Luis,22.1,61.9,0.2
2022,5,Santa Cruz,13.9,51.1,0.1
2022,5,Santa Fe,25.2,65.0,0.1
2022,5,Santiago del Estero,26.3,57.3,0.4
2022,5,Tierra del Fuego,7.9,68.0,0.2
2022,5,Tucumán,23.5,70.9,0.7
2022,6,Buenos Aires,19.3,64.3,0.2
2022,6,CABA,20.4,63.0,0.3
2022,6,Catamarca,23.4,56.9,0.4
2022,6,Chaco,25.2,58.5,0.0
2022,6,Chubut,20.0,39.4,0.0
2022,6,Corrientes,25.6,54.4,0.0
2022,6,Córdoba,21.0,64.3,0.2
2022,6,Entre Ríos,22.0,61.8,0.1
2022,6,Formosa,26.7,52.0,0.0
2022,6,Jujuy,16.7,70.5,0.4
2022,6,La Pampa,20.8,62.0,0.1
2022,6,La Rioja,23.2,62.0,0.2
2022,6,Mendoza,21.4,47.5,0.3
2022,6,Misiones,24.3,55.5,0.0
2022,6,Neuquén,22.0,32.3,0.0
2022,6,Río Negro,20.1,42.7,0.0
2022,6,Salta,21.7,73.0,0.6
2022,6,San Juan,24.8,44.3,0.3
2022,6,San Luis,21.6,55.4,0.4
2022,6,Santa Cruz,15.6,39.6,0.0
2022,6,Santa Fe,23.0,58.9,0.0
2022,6,Santiago del Estero,24.8,52.0,0.1
2022,6,Tierra del Fuego,9.5,65.0,0.7
2022,6,Tucumán,22.5,71.4,0.2
2022,7,Buenos Aires,22.1,63.9,0.1
2022,7,CABA,22.9,68.9,0.0
2022,7,Catamarca,26.3,56.0,0.3
2022,7,Chaco,28.7,52.4,0.1
2022,7,Chubut,18.4,49.3,0.2
2022,7,Corrientes,28.8,46.1,0.0
2022,7,Córdoba,23.6,66.5,0.1
2022,7,Entre Ríos,25.5,58.2,0.0
2022,7,Formosa,29.4,52.0,0.2
2022,7,Jujuy,18.7,67.7,0.8
2022,7,La Pampa,23.2,61.8,0.1
2022,7,La Rioja,26.0,58.4,0.2
2022,7,Mendoza,23.6,41.9,0.1
2022,7,Misiones,26.1,49.1,0.1
2022,7,Neuquén,21.5,37.1,0.1
2022,7,Río Negro,19.6,52.2,0.2
2022,7,Salta,23.4,75.7,0.5
2022,7,San Juan,27.4,41.9,0.2
2022,7,San Luis,24.2,54.6,0.1
2022,7,Santa Cruz,13.0,53.7,0.2
2022,7,Santa Fe,26.5,57.9,0.0
2022,7,Santiago del Estero,27.6,57.6,0.3
2022,7,Tierra del Fuego,7.9,65.8,0.3
2022,7,Tucumán,24.9,71.4,0.3
2022,8,Buenos Aires,21.3,75.6,0.6
2022,8,CABA,22.4,78.5,1.2
2022,8,Catamarca,24.1,64.4,0.1
2022,8,Chaco,29.4,60.8,0.3
2022,8,Chubut,15.7,59.0,0.2
2022,8,Corrientes,28.1,59.2,0.5
2022,8,Córdoba,22.4,76.3,0.5
2022,8,Entre Ríos,24.4,71.8,1.0
2022,8,Formosa,29.6,62.1,0.4
2022,8,Jujuy,18.7,73.3,0.6
2022,8,La Pampa,20.5,71.0,0.8
2022,8,La Rioja,23.3,69.4,0.3
2022,8,Mendoza,18.1,69.1,0.6
2022,8,Misiones,26.3,69.4,0.3
2022,8,Neuquén,14.7,64.6,0.8
2022,8,Río Negro,15.6,66.4,0.6
2022,8,Salta,23.3,80.1,0.8
2022,8,San Juan,24.0,59.0,0.3
2022,8,San Luis,21.0,72.2,0.6
2022,8,Santa Cruz,14.5,53.9,0.0
2022,8,Santa Fe,26.1,66.8,0.5
2022,8,Santiago del Estero,26.0,67.8,0.1
2022,8,Tierra del Fuego,9.9,72.9,0.3
2022,8,Tucumán,23.0,84.9,0.2
2022,9,Buenos Aires,21.1,68.6,0.3
2022,9,CABA,22.4,72.3,0.6
2022,9,Catamarca,24.7,66.6,0.4
2022,9,Chaco,28.7,71.3,0.4
2022,9,Chubut,16.1,39.6,0.0
2022,9,Corrientes,27.1,71.4,0.6
2022,9,Córdoba,22.6,72.9,0.6
2022,9,Entre Ríos,22.9,78.4,1.4
2022,9,Formosa,30.1,67.0,0.3
2022,9,Jujuy,19.4,69.2,0.7
2022,9,La Pampa,21.4,59.1,0.3
2022,9,La Rioja,24.3,70.7,0.2
2022,9,Mendoza,21.9,51.8,0.1
2022,9,Misiones,25.8,76.2,0.4
2022,9,Neuquén,16.9,46.5,0.0
2022,9,Río Negro,16.3,52.7,0.1
2022,9,Salta,24.1,76.7,0.3
2022,9,San Juan,26.7,47.0,0.1
2022,9,San Luis,22.9,61.4,0.2
2022,9,Santa Cruz,10.9,52.2,0.0
2022,9,Santa Fe,24.2,77.1,1.2
2022,9,Santiago del Estero,26.0,74.4,0.3
2022,9,Tierra del Fuego,7.1,74.4,0.5
2022,9,Tucumán,23.6,83.2,0.6
2022,10,Buenos Aires,18.5,68.2,0.4
2022,10,CABA,19.6,66.8,0.4
2022,10,Catamarca,21.4,70.6,0.8
2022,10,Chaco,23.7,79.4,0.5
2022,10,Chubut,15.4,51.4,0.0
2022,10,Corrientes,22.6,76.6,0.9
2022,10,Córdoba,19.5,70.5,0.3
2022,10,Entre Ríos,19.2,75.2,1.3
2022,10,Formosa,26.7,64.7,0.6
2022,10,Jujuy,16.5,78.4,1.3
2022,10,La Pampa,19.2,63.6,0.1
2022,10,La Rioja,21.4,67.8,0.6
2022,10,Mendoza,19.3,48.2,0.1
2022,10,Misiones,23.6,78.5,0.7
2022,10,Neuquén,16.6,46.1,0.0
2022,10,Río Negro,15.9,54.5,0.1
2022,10,Salta,20.9,82.6,1.4
2022,10,San Juan,23.7,46.4,0.3
2022,10,San Luis,20.2,59.8,0.1
2022,10,Santa Cruz,11.2,61.7,0.2
2022,10,Santa Fe,20.2,78.0,1.0
2022,10,Santiago del Estero,21.7,82.0,1.1
2022,10,Tierra del Fuego,7.8,74.1,0.4
2022,10,Tucumán,20.0,87.9,1.8
2022,11,Buenos Aires,19.0,66.3,0.1
2022,11,CABA,19.7,68.4,0.1
2022,11,Catamarca,22.0,61.5,0.1
2022,11,Chaco,22.2,66.8,0.1
2022,11,Chubut,15.1,47.8,0.0
2022,11,Corrientes,21.9,66.5,0.2
2022,11,Córdoba,20.0,65.9,0.2
2022,11,Entre Ríos,19.1,69.1,0.1
2022,11,Formosa,24.9,53.5,0.2
2022,11,Jujuy,16.1,70.1,0.2
2022,11,La Pampa,20.8,59.9,0.0
2022,11,La Rioja,21.3,60.8,0.1
2022,11,Mendoza,20.3,48.3,0.0
2022,11,Misiones,22.4,75.8,0.4
2022,11,Neuquén,17.7,48.0,0.0
2022,11,Río Negro,16.5,51.0,0.0
2022,11,Salta,20.3,74.2,0.1
2022,11,San Juan,23.7,46.4,0.0
2022,11,San Luis,20.8,54.2,0.1
2022,11,Santa Cruz,10.3,54.4,0.1
2022,11,Santa Fe,19.6,69.7,0.2
2022,11,Santiago del Estero,21.8,66.0,0.0
2022,11,Tierra del Fuego,5.2,77.7,0.6
2022,11,Tucumán,19.8,78.0,0.1
2022,12,Buenos Aires,16.8,78.2,0.7
2022,12,CABA,17.7,79.3,0.7
2022,12,Catamarca,20.1,52.3,0.0
2022,12,Chaco,21.0,77.9,1.7
2022,12,Chubut,14.3,51.5,0.0
2022,12,Corrientes,19.8,78.0,1.8
2022,12,Córdoba,18.0,63.8,0.1
2022,12,Entre Ríos,17.8,78.1,0.8
2022,12,Formosa,23.6,69.5,0.9
2022,12,Jujuy,16.3,66.5,0.1
2022,12,La Pampa,16.8,69.4,0.5
2022,12,La Rioja,19.6,49.4,0.0
2022,12,Mendoza,17.0,46.6,0.0
2022,12,Misiones,20.0,80.1,2.4
2022,12,Neuquén,14.3,54.4,0.1
2022,12,Río Negro,14.2,58.4,0.2
2022,12,Salta,19.5,71.8,0.0
2022,12,San Juan,21.0,41.7,0.0
2022,12,San Luis,17.7,53.7,0.1
2022,12,Santa Cruz,11.4,55.7,0.1
2022,12,Santa Fe,18.4,75.6,0.5
2022,12,Santiago del Estero,20.6,60.9,0.0
2022,12,Tierra del Fuego,7.9,71.8,0.2
2022,12,Tucumán,18.9,70.6,0.1
2022,13,Buenos Aires,14.9,63.6,0.1
2022,13,CABA,16.1,65.5,0.1
2022,13,Catamarca,18.7,50.6,0.0
2022,13,Chaco,18.8,75.9,0.8
2022,13,Chubut,12.6,45.7,0.1
2022,13,Corrientes,18.1,71.7,1.1
2022,13,Córdoba,16.4,53.8,0.0
2022,13,Entre Ríos,16.0,67.5,0.3
2022,13,Formosa,21.5,63.9,0.2
2022,13,Jujuy,14.4,60.2,0.1
2022,13,La Pampa,15.3,51.4,0.0
2022,13,La Rioja,17.9,48.2,0.0
2022,13,Mendoza,14.7,38.3,0.0
2022,13,Misiones,18.9,75.6,0.6
2022,13,Neuquén,11.8,53.7,0.1
2022,13,Río Negro,12.1,52.3,0.2
2022,13,Salta,17.3,67.2,0.1
2022,13,San Juan,19.3,36.1,0.0
2022,13,San Luis,16.1,42.4,0.0
2022,13,Santa Cruz,8.8,58.3,0.1
2022,13,Santa Fe,17.0,66.0,0.2
2022,13,Santiago del Estero,18.9,53.9,0.0
2022,13,Tierra del Fuego,5.9,75.2,0.3
2022,13,Tucumán,17.1,64.1,0.0
2022,14,Buenos Aires,18.3,71.1,0.2
2022,14,CABA,18.8,77.7,0.0
2022,14,Catamarca,21.8,57.5,0.0
2022,14,Chaco,21.5,91.5,1.8
2022,14,Chubut,12.3,70.5,0.3
2022,14,Corrientes,20.9,87.1,1.2
2022,14,Córdoba,20.3,66.9,0.1
2022,14,Entre Ríos,19.9,76.7,0.0
2022,14,Formosa,23.8,85.9,0.8
2022,14,Jujuy,16.8,68.6,0.3
2022,14,La Pampa,19.5,62.3,0.6
2022,14,La Rioja,21.2,63.4,0.0
2022,14,Mendoza,17.8,51.9,0.1
2022,14,Misiones,20.7,89.5,1.7
2022,14,Neuquén,13.2,68.3,0.1
2022,14,Río Negro,13.4,68.7,0.3
2022,14,Salta,20.7,81.9,0.4
2022,14,San Juan,22.0,50.3,0.2
2022,14,San Luis,20.5,57.8,0.1
2022,14,Santa Cruz,6.9,72.0,0.2
2022,14,Santa Fe,20.7,78.0,0.4
2022,14,Santiago del Estero,21.9,74.4,0.1
2022,14,Tierra del Fuego,4.3,77.8,0.2
2022,14,Tucumán,20.6,79.0,0.2
2022,15,Buenos Aires,14.3,71.8,0.2
2022,15,CABA,16.1,69.7,0.2
2022,15,Catamarca,18.1,60.4,0.1
2022,15,Chaco,17.5,81.2,0.8
2022,15,Chubut,13.0,54.4,0.0
2022,15,Corrientes,16.8,74.2,0.7
2022,15,Córdoba,15.6,66.8,0.1
2022,15,Entre Ríos,15.7,68.3,0.2
2022,15,Formosa,19.6,72.2,0.2
2022,15,Jujuy,13.6,65.9,0.4
2022,15,La Pampa,14.2,62.6,0.0
2022,15,La Rioja,17.4,59.2,0.1
2022,15,Mendoza,14.4,52.3,0.0
2022,15,Misiones,17.0,79.2,1.7
2022,15,Neuquén,11.9,60.2,0.0
2022,15,Río Negro,12.2,60.8,0.0
2022,15,Salta,17.5,81.2,0.5
2022,15,San Juan,18.2,49.9,0.0
2022,15,San Luis,15.7,57.2,0.1
2022,15,Santa Cruz,10.0,59.9,0.0
2022,15,Santa Fe,16.2,71.9,0.2
2022,15,Santiago del Estero,18.0,71.6,0.3
2022,15,Tierra del Fuego,6.5,75.4,0.2
2022,15,Tucumán,16.9,82.3,0.6
2022,16,Buenos Aires,15.9,70.8,0.1
2022,16,CABA,16.9,74.6,0.2
2022,16,Catamarca,19.5,55.5,0.0
2022,16,Chaco,19.5,82.5,0.5
2022,16,Chubut,11.2,56.6,0.2
2022,16,Corrientes,18.6,75.7,0.4
2022,16,Córdoba,17.4,65.9,0.1
2022,16,Entre Ríos,16.8,78.4,0.3
2022,16,Formosa,23.1,71.9,0.2
2022,16,Jujuy,14.9,59.5,0.0
2022,16,La Pampa,16.3,63.9,0.1
2022,16,La Rioja,18.6,62.0,0.0
2022,16,Mendoza,14.9,56.4,0.0
2022,16,Misiones,18.5,80.4,0.7
2022,16,Neuquén,11.1,60.8,0.5
2022,16,Río Negro,11.3,65.0,0.7
2022,16,Salta,19.1,78.0,0.0
2022,16,San Juan,19.9,52.6,0.0
2022,16,San Luis,17.0,59.4,0.0
2022,16,Santa Cruz,7.4,68.8,0.1
2022,16,Santa Fe,17.6,76.7,0.2
2022,16,Santiago del Estero,19.6,69.0,0.0
2022,16,Tierra del Fuego,5.7,79.4,0.2
2022,16,Tucumán,17.8,80.6,0.0
2022,17,Buenos Aires,12.5,65.2,0.5
2022,17,CABA,14.6,65.7,0.7
2022,17,Catamarca,18.4,51.0,0.0
2022,17,Chaco,22.0,78.9,0.2
2022,17,Chubut,6.6,60.7,0.1
2022,17,Corrientes,20.3,76.6,0.6
2022,17,Córdoba,15.0,57.7,0.0
2022,17,Entre Ríos,15.7,76.3,0.9
2022,17,Formosa,25.6,68.2,0.1
2022,17,Jujuy,15.0,62.2,0.1
2022,17,La Pampa,11.9,53.6,0.1
2022,17,La Rioja,17.3,50.8,0.0
2022,17,Mendoza,11.4,46.0,0.0
2022,17,Misiones,22.3,77.6,0.3
2022,17,Neuquén,6.2,68.8,0.4
2022,17,Río Negro,7.1,61.9,0.3
2022,17,Salta,18.3,79.2,0.0
2022,17,San Juan,17.6,37.8,0.0
2022,17,San Luis,14.4,46.1,0.0
2022,17,Santa Cruz,3.3,74.8,0.2
2022,17,Santa Fe,17.1,72.1,0.2
2022,17,Santiago del Estero,19.1,60.9,0.0
2022,17,Tierra del Fuego,3.0,80.9,0.4
2022,17,Tucumán,17.1,77.1,0.0
2022,18,Buenos Aires,11.2,,0.0
2022,18,CABA,12.9,,0.0
2022,18,Catamarca,14.0,,0.0
2022,18,Chaco,14.6,,1.3
2022,18,Chubut,11.4,,0.0
2022,18,Corrientes,14.0,,1.5
2022,18,Córdoba,12.7,,0.0
2022,18,Entre Ríos,12.3,,0.0
2022,18,Formosa,16.2,,0.5
2022,18,Jujuy,11.1,,0.1
2022,18,La Pampa,11.7,,0.0
2022,18,La Rioja,14.2,,0.0
2022,18,Mendoza,11.6,,0.0
2022,18,Misiones,16.6,,1.7
2022,18,Neuquén,10.1,,0.0
2022,18,Río Negro,10.6,,0.0
2022,18,Salta,13.0,,0.1
2022,18,San Juan,14.7,,0.1
2022,18,San Luis,12.8,,0.0
2022,18,Santa Cruz,6.2,,0.0
2022,18,Santa Fe,13.0,,0.1
2022,18,Santiago del Estero,14.6,,0.0
2022,18,Tierra del Fuego,4.3,,0.5
2022,18,Tucumán,13.4,,0.0
2022,52,Buenos Aires,25.7,61.3,0.3
2022,52,CABA,25.1,75.0,0.3
2022,52,Catamarca,31.8,42.0,0.1
2022,52,Chaco,29.3,61.4,0.3
2022,52,Chubut,17.2,38.3,0.1
2022,52,Corrientes,30.1,58.3,0.1
2022,52,Córdoba,26.7,58.8,0.5
2022,52,Entre Ríos,27.0,67.0,0.1
2022,52,Formosa,32.6,48.2,0.1
2022,52,Jujuy,24.0,46.0,0.1
2022,52,La Pampa,25.5,47.0,0.1
2022,52,La Rioja,31.8,37.6,0.0
2022,52,Mendoza,25.0,35.3,0.0
2022,52,Misiones,28.8,55.6,0.0
2022,52,Neuquén,18.8,36.6,1.2
2022,52,Río Negro,18.5,48.9,1.1
2022,52,Salta,30.3,50.3,0.3
2022,52,San Juan,30.8,32.6,0.0
2022,52,San Luis,26.8,47.3,0.1
2022,52,Santa Cruz,12.3,37.0,0.0
2022,52,Santa Fe,27.5,65.3,0.4
2022,52,Santiago del Estero,32.4,45.8,0.4
2022,52,Tierra del Fuego,7.1,65.5,0.5
2022,52,Tucumán,29.0,63.0,0.6
2023,1,Buenos Aires,25.5,50.6,0.0
2023,1,CABA,24.4,57.2,0.0
2023,1,Catamarca,28.0,36.2,0.1
2023,1,Chaco,27.3,54.4,0.1
2023,1,Chubut,22.4,39.1,0.0
2023,1,Corrientes,28.4,46.9,0.1
2023,1,Córdoba,26.9,45.4,0.0
2023,1,Entre Ríos,27.6,41.6,0.0
2023,1,Formosa,27.4,58.3,0.3
2023,1,Jujuy,18.5,57.1,0.4
2023,1,La Pampa,28.0,39.9,0.0
2023,1,La Rioja,28.4,39.8,0.0
2023,1,Mendoza,25.9,37.0,0.0
2023,1,Misiones,23.7,64.4,0.4
2023,1,Neuquén,24.2,41.3,0.0
2023,1,Río Negro,24.0,41.0,0.0
2023,1,Salta,25.1,56.7,0.2
2023,1,San Juan,28.7,34.6,0.3
2023,1,San Luis,26.5,45.1,0.0
2023,1,Santa Cruz,17.7,41.0,0.0
2023,1,Santa Fe,28.7,42.6,0.0
2023,1,Santiago del Estero,30.1,39.3,0.0
2023,1,Tierra del Fuego,9.6,65.7,0.5
2023,1,Tucumán,26.7,54.6,0.0
2023,2,Buenos Aires,24.5,55.7,0.1
2023,2,CABA,24.7,57.8,0.1
2023,2,Catamarca,26.6,45.2,0.4
2023,2,Chaco,27.1,59.0,0.6
2023,2,Chubut,17.2,58.8,0.2
2023,2,Corrientes,27.0,54.2,0.4
2023,2,Córdoba,25.4,55.0,0.2
2023,2,Entre Ríos,27.2,45.0,0.1
2023,2,Formosa,27.9,57.1,0.3
2023,2,Jujuy,18.8,56.1,0.3
2023,2,La Pampa,25.7,46.8,0.0
2023,2,La Rioja,26.8,43.8,0.5
2023,2,Mendoza,23.5,44.7,0.3
2023,2,Misiones,23.6,74.1,0.7
2023,2,Neuquén,20.2,40.0,0.0
2023,2,Río Negro,19.6,49.4,0.0
2023,2,Salta,24.2,60.4,0.4
2023,2,San Juan,27.5,38.5,0.3
2023,2,San Luis,24.7,53.2,0.2
2023,2,Santa Cruz,14.5,48.3,0.1
2023,2,Santa Fe,27.6,50.7,0.1
2023,2,Santiago del Estero,28.0,47.9,0.6
2023,2,Tierra del Fuego,10.0,64.8,0.1
2023,2,Tucumán,25.4,56.6,1.0
2023,3,Buenos Aires,26.1,62.7,0.3
2023,3,CABA,26.8,65.0,0.1
2023,3,Catamarca,28.7,49.1,0.2
2023,3,Chaco,30.3,57.5,0.2
2023,3,Chubut,20.9,58.0,0.2
2023,3,Corrientes,30.1,55.4,0.2
2023,3,Córdoba,27.0,62.2,0.3
2023,3,Entre Ríos,29.8,50.9,0.1
2023,3,Formosa,31.7,53.7,0.1
2023,3,Jujuy,21.8,48.7,0.1
2023,3,La Pampa,26.0,64.8,0.3
2023,3,La Rioja,28.6,48.9,0.4
2023,3,Mendoza,23.8,51.3,0.6
2023,3,Misiones,25.4,72.8,0.4
2023,3,Neuquén,22.6,48.2,0.2
2023,3,Río Negro,21.9,56.1,0.3
2023,3,Salta,28.4,51.5,0.1
2023,3,San Juan,29.3,46.8,0.1
2023,3,San Luis,25.3,62.7,0.4
2023,3,Santa Cruz,16.7,51.8,0.0
2023,3,Santa Fe,30.0,57.7,0.2
2023,3,Santiago del Estero,31.6,47.4,0.1
2023,3,Tierra del Fuego,10.7,64.6,0.2
2023,3,Tucumán,28.3,62.4,0.3
2023,4,Buenos Aires,24.6,64.5,0.3
2023,4,CABA,25.2,67.3,0.3
2023,4,Catamarca,27.1,57.5,0.8
2023,4,Chaco,29.5,63.1,0.2
2023,4,Chubut,19.7,42.5,0.0
2023,4,Corrientes,29.8,56.0,0.2
2023,4,Córdoba,24.8,71.7,0.8
2023,4,Entre Ríos,27.6,59.9,0.4
2023,4,Formosa,30.8,59.9,0.1
2023,4,Jujuy,19.3,68.1,0.9
2023,4,La Pampa,25.4,60.2,0.3
2023,4,La Rioja,26.7,61.4,0.6
2023,4,Mendoza,24.3,49.6,0.4
2023,4,Misiones,27.0,65.1,0.1
2023,4,Neuquén,21.1,43.9,0.0
2023,4,Río Negro,20.7,45.8,0.1
2023,4,Salta,24.7,74.7,1.2
2023,4,San Juan,28.4,51.8,0.3
2023,4,San Luis,24.6,68.0,0.6
2023,4,Santa Cruz,15.6,37.9,0.0
2023,4,Santa Fe,27.4,66.5,0.6
2023,4,Santiago del Estero,28.1,63.4,1.1
2023,4,Tierra del Fuego,9.3,62.5,0.4
2023,4,Tucumán,25.6,71.3,1.6
2023,5,Buenos Aires,23.2,67.8,0.2
2023,5,CABA,23.5,71.1,0.2
2023,5,Catamarca,26.1,60.8,0.4
2023,5,Chaco,27.8,65.3,0.2
2023,5,Chubut,21.4,45.1,0.0
2023,5,Corrientes,28.4,54.3,0.1
2023,5,Córdoba,24.3,69.8,0.4
2023,5,Entre Ríos,26.0,59.0,0.1
2023,5,Formosa,28.6,62.4,0.3
2023,5,Jujuy,17.9,68.8,0.9
2023,5,La Pampa,24.6,68.1,0.2
2023,5,La Rioja,26.6,62.2,0.3
2023,5,Mendoza,23.9,56.3,0.1
2023,5,Misiones,24.4,76.0,0.6
2023,5,Neuquén,23.5,44.5,0.0
2023,5,Río Negro,22.3,48.6,0.1
2023,5,Salta,23.7,72.9,0.7
2023,5,San Juan,27.4,54.1,0.2
2023,5,San Luis,23.8,67.5,0.3
2023,5,Santa Cruz,16.3,43.9,0.0
2023,5,Santa Fe,26.9,61.5,0.1
2023,5,Santiago del Estero,27.3,69.5,0.1
2023,5,Tierra del Fuego,10.3,61.7,0.4
2023,5,Tucumán,24.7,74.8,0.4
2023,6,Buenos Aires,27.9,56.1,0.1
2023,6,CABA,28.3,61.9,0.0
2023,6,Catamarca,29.8,45.1,0.1
2023,6,Chaco,30.6,54.5,0.0
2023,6,Chubut,20.8,42.7,0.0
2023,6,Corrientes,30.6,50.8,0.0
2023,6,Córdoba,28.3,57.1,0.2
2023,6,Entre Ríos,30.6,47.1,0.0
2023,6,Formosa,30.7,53.3,0.1
2023,6,Jujuy,19.7,64.4,0.3
2023,6,La Pampa,28.8,53.5,0.2
2023,6,La Rioja,29.9,47.0,0.1
2023,6,Mendoza,27.0,41.3,0.2
2023,6,Misiones,25.9,61.4,0.1
2023,6,Neuquén,22.9,42.6,0.0
2023,6,Río Negro,21.9,49.4,0.0
2023,6,Salta,25.9,65.5,0.3
2023,6,San Juan,30.5,43.6,0.1
2023,6,San Luis,27.6,52.5,0.2
2023,6,Santa Cruz,15.7,43.0,0.0
2023,6,Santa Fe,30.7,53.4,0.0
2023,6,Santiago del Estero,31.3,54.3,0.0
2023,6,Tierra del Fuego,9.6,67.2,0.3
2023,6,Tucumán,28.4,66.1,0.2
2023,7,Buenos Aires,19.3,57.7,0.2
2023,7,CABA,21.0,57.3,0.2
2023,7,Catamarca,24.0,54.9,0.6
2023,7,Chaco,24.5,59.6,0.8
2023,7,Chubut,13.8,46.7,0.0
2023,7,Corrientes,24.4,54.2,0.8
2023,7,Córdoba,20.7,56.8,0.4
2023,7,Entre Ríos,22.1,60.4,0.3
2023,7,Formosa,25.6,58.4,0.7
2023,7,Jujuy,17.2,67.6,0.8
2023,7,La Pampa,19.7,41.5,0.0
2023,7,La Rioja,23.9,51.5,0.3
2023,7,Mendoza,20.0,34.0,0.0
2023,7,Misiones,21.6,73.3,1.6
2023,7,Neuquén,15.8,43.5,0.0
2023,7,Río Negro,15.2,47.3,0.1
2023,7,Salta,21.3,72.8,0.8
2023,7,San Juan,24.7,37.1,0.2
2023,7,San Luis,19.8,56.8,0.3
2023,7,Santa Cruz,10.0,52.0,0.1
2023,7,Santa Fe,23.0,58.8,0.4
2023,7,Santiago del Estero,24.2,65.7,0.5
2023,7,Tierra del Fuego,6.6,70.6,0.4
2023,7,Tucumán,22.2,71.3,0.6
2023,8,Buenos Aires,23.6,58.8,0.1
2023,8,CABA,24.0,64.8,0.1
2023,8,Catamarca,25.3,48.2,0.2
2023,8,Chaco,25.7,68.4,0.2
2023,8,Chubut,18.3,40.0,0.0
2023,8,Corrientes,26.4,58.0,0.3
2023,8,Córdoba,23.4,61.0,0.1
2023,8,Entre Ríos,25.4,59.5,0.1
2023,8,Formosa,25.8,68.1,1.2
2023,8,Jujuy,18.2,64.6,0.6
2023,8,La Pampa,24.5,45.9,0.1
2023,8,La Rioja,25.0,50.3,0.2
2023,8,Mendoza,23.0,38.8,0.2
2023,8,Misiones,22.2,79.3,1.2
2023,8,Neuquén,20.1,44.4,0.0
2023,8,Río Negro,19.3,47.8,0.0
2023,8,Salta,22.5,70.9,0.6
2023,8,San Juan,26.2,42.4,0.5
2023,8,San Luis,23.1,54.8,0.3
2023,8,Santa Cruz,13.2,41.7,0.0
2023,8,Santa Fe,25.5,64.3,0.1
2023,8,Santiago del Estero,26.1,60.8,0.3
2023,8,Tierra del Fuego,8.0,69.5,0.4
2023,8,Tucumán,23.9,68.2,0.5
2023,9,Buenos Aires,26.4,56.0,0.1
2023,9,CABA,26.6,66.7,0.1
2023,9,Catamarca,28.0,45.8,0.0
2023,9,Chaco,26.0,77.7,0.5
2023,9,Chubut,19.3,38.0,0.0
2023,9,Corrientes,26.5,68.0,0.5
2023,9,Córdoba,27.0,56.8,0.1
2023,9,Entre Ríos,27.8,58.1,0.2
2023,9,Formosa,26.3,72.2,0.8
2023,9,Jujuy,19.5,66.4,0.6
2023,9,La Pampa,27.0,44.3,0.1
2023,9,La Rioja,27.9,48.3,0.1
2023,9,Mendoza,25.1,39.3,0.2
2023,9,Misiones,22.6,81.7,0.8
2023,9,Neuquén,20.9,45.0,0.0
2023,9,Río Negro,20.3,45.1,0.0
2023,9,Salta,24.5,74.9,0.4
2023,9,San Juan,28.4,43.0,0.1
2023,9,San Luis,26.5,50.3,0.1
2023,9,Santa Cruz,12.1,47.1,0.0
2023,9,Santa Fe,28.0,65.2,0.2
2023,9,Santiago del Estero,28.6,61.7,0.1
2023,9,Tierra del Fuego,6.4,73.9,0.5
2023,9,Tucumán,26.6,65.1,0.2
2023,10,Buenos Aires,26.6,63.2,0.2
2023,10,CABA,27.2,69.4,0.0
2023,10,Catamarca,28.4,49.5,0.3
2023,10,Chaco,27.8,72.2,0.0
2023,10,Chubut,19.0,44.6,0.0
2023,10,Corrientes,28.8,58.3,0.1
2023,10,Córdoba,27.2,58.5,0.2
2023,10,Entre Ríos,29.8,50.7,0.0
2023,10,Formosa,28.0,67.3,0.4
2023,10,Jujuy,20.0,62.3,0.4
2023,10,La Pampa,24.8,67.9,0.3
2023,10,La Rioja,27.9,52.2,0.3
2023,10,Mendoza,23.5,56.8,0.4
2023,10,Misiones,24.4,74.4,0.2
2023,10,Neuquén,19.2,53.5,0.0
2023,10,Río Negro,19.6,55.7,0.1
2023,10,Salta,25.3,71.4,0.4
2023,10,San Juan,28.1,50.5,0.2
2023,10,San Luis,24.8,63.0,0.6
2023,10,Santa Cruz,12.6,47.8,0.0
2023,10,Santa Fe,29.5,57.1,0.0
2023,10,Santiago del Estero,29.1,61.6,0.5
2023,10,Tierra del Fuego,7.4,70.9,0.2
2023,10,Tucumán,27.4,66.0,0.2
2023,11,Buenos Aires,24.9,71.8,0.4
2023,11,CABA,26.4,74.1,0.3
2023,11,Catamarca,27.6,52.3,0.3
2023,11,Chaco,27.2,77.9,0.3
2023,11,Chubut,15.9,50.6,0.0
2023,11,Corrientes,26.9,74.5,0.4
2023,11,Córdoba,26.4,65.7,0.2
2023,11,Entre Ríos,27.8,68.6,0.3
2023,11,Formosa,26.7,75.6,0.3
2023,11,Jujuy,19.4,62.3,0.7
2023,11,La Pampa,23.0,75.8,0.4
2023,11,La Rioja,27.3,54.4,0.2
2023,11,Mendoza,22.2,66.6,0.4
2023,11,Misiones,23.0,82.6,0.4
2023,11,Neuquén,17.3,61.0,0.1
2023,11,Río Negro,17.4,63.5,0.2
2023,11,Salta,24.5,71.8,0.9
2023,11,San Juan,26.9,59.3,0.3
2023,11,San Luis,24.5,67.9,0.3
2023,11,Santa Cruz,10.2,47.2,0.0
2023,11,Santa Fe,28.5,67.9,0.2
2023,11,Santiago del Estero,29.3,62.0,0.2
2023,11,Tierra del Fuego,5.9,72.1,0.4
2023,11,Tucumán,26.6,65.7,0.5
2023,12,Buenos Aires,19.3,71.3,0.4
2023,12,CABA,20.8,66.7,1.0
2023,12,Catamarca,24.9,61.5,0.8
2023,12,Chaco,27.1,75.2,0.2
2023,12,Chubut,15.8,50.0,0.0
2023,12,Corrientes,26.0,73.5,0.6
2023,12,Córdoba,20.8,84.4,1.1
2023,12,Entre Ríos,21.7,82.9,1.6
2023,12,Formosa,27.5,69.5,0.5
2023,12,Jujuy,18.3,65.1,1.3
2023,12,La Pampa,19.1,75.3,0.1
2023,12,La Rioja,23.9,72.0,0.7
2023,12,Mendoza,19.8,71.6,0.1
2023,12,Misiones,24.5,71.5,0.4
2023,12,Neuquén,17.0,56.6,0.0
2023,12,Río Negro,16.2,56.8,0.0
2023,12,Salta,23.3,76.5,1.3
2023,12,San Juan,24.1,73.8,0.5
2023,12,San Luis,20.0,85.3,0.9
2023,12,Santa Cruz,10.9,46.5,0.0
2023,12,Santa Fe,23.6,81.1,0.9
2023,12,Santiago del Estero,27.5,67.4,0.6
2023,12,Tierra del Fuego,7.1,67.2,0.5
2023,12,Tucumán,25.1,73.4,0.9
2023,13,Buenos Aires,17.4,64.2,0.1
2023,13,CABA,19.1,62.8,0.2
2023,13,Catamarca,23.1,59.8,0.0
2023,13,Chaco,25.4,66.8,0.7
2023,13,Chubut,12.9,45.9,0.0
2023,13,Corrientes,23.5,67.5,0.6
2023,13,Córdoba,19.3,65.6,0.0
2023,13,Entre Ríos,19.9,68.6,0.4
2023,13,Formosa,27.2,64.8,0.3
2023,13,Jujuy,17.9,71.5,0.5
2023,13,La Pampa,17.9,57.9,0.0
2023,13,La Rioja,21.9,64.8,0.0
2023,13,Mendoza,17.7,52.3,0.0
2023,13,Misiones,22.5,71.3,0.6
2023,13,Neuquén,13.4,54.2,0.0
2023,13,Río Negro,13.4,50.9,0.1
2023,13,Salta,22.3,83.1,0.3
2023,13,San Juan,22.9,56.2,0.0
2023,13,San Luis,19.1,63.0,0.0
2023,13,Santa Cruz,7.5,56.5,0.0
2023,13,Santa Fe,21.7,67.4,0.2
2023,13,Santiago del Estero,23.0,78.0,0.1
2023,13,Tierra del Fuego,4.2,75.2,0.3
2023,13,Tucumán,21.2,84.0,0.2
2023,14,Buenos Aires,18.7,72.8,0.1
2023,14,CABA,19.2,73.4,0.3
2023,14,Catamarca,21.9,60.4,0.1
2023,14,Chaco,21.7,77.9,0.4
2023,14,Chubut,14.8,52.1,0.1
2023,14,Corrientes,20.9,72.5,0.4
2023,14,Córdoba,19.9,73.9,0.1
2023,14,Entre Ríos,19.4,73.3,0.1
2023,14,Formosa,23.1,74.1,0.6
2023,14,Jujuy,15.5,75.8,0.7
2023,14,La Pampa,20.8,70.6,0.0
2023,14,La Rioja,21.3,65.7,0.0
2023,14,Mendoza,19.8,58.9,0.0
2023,14,Misiones,20.4,79.5,0.7
2023,14,Neuquén,15.6,56.7,0.0
2023,14,Río Negro,15.7,61.0,0.1
2023,14,Salta,19.9,82.3,0.7
2023,14,San Juan,22.8,60.7,0.2
2023,14,San Luis,20.2,72.0,0.0
2023,14,Santa Cruz,10.0,49.3,0.0
2023,14,Santa Fe,20.3,76.0,0.4
2023,14,Santiago del Estero,21.5,82.1,0.5
2023,14,Tierra del Fuego,6.2,70.7,0.2
2023,14,Tucumán,20.1,83.4,0.4
2023,15,Buenos Aires,14.9,70.2,0.2
2023,15,CABA,17.2,65.6,0.1
2023,15,Catamarca,18.9,64.8,0.2
2023,15,Chaco,22.1,79.2,0.1
2023,15,Chubut,9.2,65.1,0.1
2023,15,Corrientes,21.2,73.9,0.3
2023,15,Córdoba,16.7,71.5,0.2
2023,15,Entre Ríos,18.0,71.1,0.1
2023,15,Formosa,23.1,77.6,0.7
2023,15,Jujuy,15.1,63.8,0.2
2023,15,La Pampa,15.0,66.8,0.1
2023,15,La Rioja,17.9,70.7,0.2
2023,15,Mendoza,13.7,70.4,0.1
2023,15,Misiones,21.2,80.9,0.3
2023,15,Neuquén,10.7,71.2,0.1
2023,15,Río Negro,10.6,67.1,0.2
2023,15,Salta,17.8,85.2,0.2
2023,15,San Juan,18.5,63.4,0.2
2023,15,San Luis,15.1,80.6,0.2
2023,15,Santa Cruz,5.4,60.2,0.0
2023,15,Santa Fe,19.0,71.7,0.2
2023,15,Santiago del Estero,19.1,78.6,0.4
2023,15,Tierra del Fuego,4.2,75.4,0.2
2023,15,Tucumán,17.8,85.0,0.4
2023,16,Buenos Aires,14.3,70.9,0.1
2023,16,CABA,15.1,69.2,0.2
2023,16,Catamarca,17.7,60.4,0.1
2023,16,Chaco,18.6,74.0,0.0
2023,16,Chubut,13.3,53.7,0.0
2023,16,Corrientes,18.1,65.2,0.0
2023,16,Córdoba,16.0,64.7,0.1
2023,16,Entre Ríos,15.6,67.4,0.1
2023,16,Formosa,19.8,71.1,0.1
2023,16,Jujuy,14.3,61.7,0.2
2023,16,La Pampa,15.4,62.9,0.1
2023,16,La Rioja,17.4,62.7,0.1
2023,16,Mendoza,14.7,51.4,0.0
2023,16,Misiones,17.1,71.7,0.2
2023,16,Neuquén,12.6,60.4,0.0
2023,16,Río Negro,12.8,61.3,0.0
2023,16,Salta,17.1,82.6,0.2
2023,16,San Juan,18.1,55.5,0.0
2023,16,San Luis,15.2,64.6,0.1
2023,16,Santa Cruz,9.1,57.2,0.1
2023,16,Santa Fe,16.8,68.6,0.1
2023,16,Santiago del Estero,18.4,75.6,0.2
2023,16,Tierra del Fuego,5.0,75.3,0.3
2023,16,Tucumán,17.2,78.5,0.2
2023,17,Buenos Aires,18.4,75.5,0.1
2023,17,CABA,19.2,82.0,0.1
2023,17,Catamarca,20.0,62.3,0.0
2023,17,Chaco,20.4,81.0,0.0
2023,17,Chubut,12.7,59.6,0.1
2023,17,Corrientes,20.3,74.4,0.1
2023,17,Córdoba,19.1,69.5,0.0
2023,17,Entre Ríos,19.3,77.6,0.1
2023,17,Formosa,21.9,77.7,0.0
2023,17,Jujuy,15.1,60.9,0.1
2023,17,La Pampa,18.3,67.4,0.0
2023,17,La Rioja,19.4,71.0,0.0
2023,17,Mendoza,16.3,57.0,0.0
2023,17,Misiones,18.6,79.4,0.4
2023,17,Neuquén,12.7,65.8,0.5
2023,17,Río Negro,13.3,65.0,0.4
2023,17,Salta,18.5,82.3,0.1
2023,17,San Juan,20.5,62.1,0.0
2023,17,San Luis,17.9,66.0,0.0
2023,17,Santa Cruz,7.4,64.5,0.2
2023,17,Santa Fe,20.0,76.4,0.1
2023,17,Santiago del Estero,20.3,80.7,0.1
2023,17,Tierra del Fuego,4.0,78.8,0.3
2023,17,Tucumán,19.0,79.5,0.1
2023,52,Buenos Aires,19.9,82.6,1.0
2023,52,CABA,22.5,71.9,0.4
2023,52,Catamarca,26.9,51.0,0.0
2023,52,Chaco,31.4,51.1,0.1
2023,52,Chubut,18.6,33.9,0.0
2023,52,Corrientes,29.8,57.5,0.3
2023,52,Córdoba,21.7,76.0,0.4
2023,52,Entre Ríos,25.1,68.2,0.1
2023,52,Formosa,34.0,44.0,0.0
2023,52,Jujuy,21.8,50.9,0.1
2023,52,La Pampa,19.5,78.3,2.2
2023,52,La Rioja,25.8,48.5,0.3
2023,52,Mendoza,21.4,44.9,0.5
2023,52,Misiones,28.5,58.2,0.0
2023,52,Neuquén,18.7,38.9,0.0
2023,52,Río Negro,18.7,43.4,0.3
2023,52,Salta,28.8,56.1,0.0
2023,52,San Juan,26.7,46.2,0.4
2023,52,San Luis,20.2,70.1,2.9
2023,52,Santa Cruz,14.4,38.2,0.0
2023,52,Santa Fe,25.5,70.3,0.4
2023,52,Santiago del Estero,33.1,37.9,0.0
2023,52,Tierra del Fuego,9.4,65.8,0.3
2023,52,Tucumán,29.3,54.5,0.0
2024,1,Buenos Aires,23.4,68.1,0.5
2024,1,CABA,23.8,71.0,0.1
2024,1,Catamarca,28.3,52.4,0.1
2024,1,Chaco,27.5,65.9,0.0
2024,1,Chubut,20.5,48.0,0.0
2024,1,Corrientes,25.8,69.1,0.1
2024,1,Córdoba,24.9,65.2,0.7
2024,1,Entre Ríos,24.0,68.3,0.3
2024,1,Formosa,29.3,62.3,0.1
2024,1,Jujuy,20.2,70.6,0.6
2024,1,La Pampa,24.7,64.0,0.6
2024,1,La Rioja,28.1,50.9,0.2
2024,1,Mendoza,24.5,47.0,0.2
2024,1,Misiones,25.1,68.6,0.2
2024,1,Neuquén,21.8,45.5,0.0
2024,1,Río Negro,21.3,52.1,0.2
2024,1,Salta,25.3,77.1,0.5
2024,1,San Juan,28.9,47.6,0.2
2024,1,San Luis,24.7,60.0,0.6
2024,1,Santa Cruz,15.6,49.9,0.1
2024,1,Santa Fe,25.6,69.7,0.5
2024,1,Santiago del Estero,29.1,60.3,0.1
2024,1,Tierra del Fuego,9.7,66.6,0.2
2024,1,Tucumán,26.4,72.9,0.3
2024,2,Buenos Aires,22.6,65.0,0.3
2024,2,CABA,24.2,66.5,0.1
2024,2,Catamarca,26.8,59.5,0.3
2024,2,Chaco,28.0,72.9,0.3
2024,2,Chubut,17.3,41.9,0.0
2024,2,Corrientes,25.3,81.3,1.7
2024,2,Córdoba,23.7,74.1,0.5
2024,2,Entre Ríos,24.9,70.1,0.5
2024,2,Formosa,31.2,68.2,0.1
2024,2,Jujuy,21.1,64.9,0.6
2024,2,La Pampa,22.7,61.9,0.7
2024,2,La Rioja,26.2,63.8,0.4
2024,2,Mendoza,22.9,49.9,0.3
2024,2,Misiones,25.5,74.9,0.7
2024,2,Neuquén,18.9,41.6,0.0
2024,2,Río Negro,18.3,47.7,0.0
2024,2,Salta,26.1,75.7,0.4
2024,2,San Juan,28.6,53.0,0.1
2024,2,San Luis,23.2,71.0,0.5
2024,2,Santa Cruz,12.4,53.1,0.1
2024,2,Santa Fe,25.0,77.3,0.7
2024,2,Santiago del Estero,27.1,73.3,0.6
2024,2,Tierra del Fuego,7.2,62.3,0.4
2024,2,Tucumán,24.4,84.4,0.8
2024,3,Buenos Aires,22.7,63.4,0.3
2024,3,CABA,22.7,67.4,1.0
2024,3,Catamarca,27.3,51.6,0.1
2024,3,Chaco,27.6,74.8,0.4
2024,3,Chubut,19.1,42.8,0.0
2024,3,Corrientes,26.1,78.6,0.7
2024,3,Córdoba,22.9,67.1,0.3
2024,3,Entre Ríos,23.3,70.9,1.7
2024,3,Formosa,30.0,69.6,0.2
2024,3,Jujuy,20.8,66.9,0.7
2024,3,La Pampa,24.1,50.0,0.2
2024,3,La Rioja,26.6,52.1,0.1
2024,3,Mendoza,24.3,38.2,0.2
2024,3,Misiones,26.1,81.3,0.6
2024,3,Neuquén,21.7,39.1,0.0
2024,3,Río Negro,20.5,45.8,0.0
2024,3,Salta,25.4,75.4,0.6
2024,3,San Juan,28.6,45.9,0.2
2024,3,San Luis,23.4,58.0,0.4
2024,3,Santa Cruz,14.7,47.3,0.0
2024,3,Santa Fe,24.4,73.4,0.5
2024,3,Santiago del Estero,27.2,64.8,0.3
2024,3,Tierra del Fuego,8.6,68.6,0.7
2024,3,Tucumán,24.6,80.9,0.5
2024,4,Buenos Aires,25.1,57.8,0.0
2024,4,CABA,22.9,65.3,0.0
2024,4,Catamarca,28.0,42.1,0.1
2024,4,Chaco,26.0,59.8,0.0
2024,4,Chubut,23.9,39.4,0.0
2024,4,Corrientes,24.0,64.9,0.0
2024,4,Córdoba,24.1,57.7,0.0
2024,4,Entre Ríos,24.1,57.9,0.0
2024,4,Formosa,26.9,59.8,0.1
2024,4,Jujuy,19.6,67.4,0.3
2024,4,La Pampa,27.3,52.2,0.0
2024,4,La Rioja,27.5,44.2,0.0
2024,4,Mendoza,27.0,43.0,0.2
2024,4,Misiones,21.4,68.1,0.5
2024,4,Neuquén,26.1,36.4,0.0
2024,4,Río Negro,25.9,38.0,0.0
2024,4,Salta,24.6,67.1,0.3
2024,4,San Juan,29.4,37.1,0.1
2024,4,San Luis,26.3,46.4,0.0
2024,4,Santa Cruz,17.1,42.6,0.0
2024,4,Santa Fe,24.7,61.9,0.0
2024,4,Santiago del Estero,27.5,51.4,0.0
2024,4,Tierra del Fuego,10.8,60.5,0.3
2024,4,Tucumán,25.4,65.4,0.1
2024,5,Buenos Aires,28.1,55.5,0.0
2024,5,CABA,27.8,63.7,0.0
2024,5,Catamarca,31.4,34.4,0.1
2024,5,Chaco,30.7,51.8,0.0
2024,5,Chubut,20.9,38.5,0.0
2024,5,Corrientes,28.8,58.2,0.0
2024,5,Córdoba,28.5,55.5,0.0
2024,5,Entre Ríos,29.4,56.6,0.0
2024,5,Formosa,31.6,52.1,0.0
2024,5,Jujuy,21.5,59.9,0.2
2024,5,La Pampa,29.0,47.8,0.1
2024,5,La Rioja,30.8,36.8,0.1
2024,5,Mendoza,27.7,41.3,0.1
2024,5,Misiones,26.3,60.4,0.0
2024,5,Neuquén,22.9,39.0,0.0
2024,5,Río Negro,21.8,48.8,0.0
2024,5,Salta,28.0,59.3,0.1
2024,5,San Juan,31.9,35.4,0.1
2024,5,San Luis,28.4,51.3,0.1
2024,5,Santa Cruz,15.4,50.6,0.1
2024,5,Santa Fe,29.8,59.7,0.0
2024,5,Santiago del Estero,32.1,45.0,0.0
2024,5,Tierra del Fuego,8.9,67.1,0.3
2024,5,Tucumán,29.8,59.3,0.1
2024,6,Buenos Aires,25.9,75.7,0.7
2024,6,CABA,27.2,75.0,0.3
2024,6,Catamarca,29.7,49.7,0.3
2024,6,Chaco,31.3,61.9,0.1
2024,6,Chubut,20.6,39.6,0.0
2024,6,Corrientes,30.2,64.1,0.2
2024,6,Córdoba,28.0,70.3,0.5
2024,6,Entre Ríos,30.4,66.8,0.3
2024,6,Formosa,30.7,60.2,0.2
2024,6,Jujuy,20.2,67.4,0.7
2024,6,La Pampa,26.2,74.1,1.1
2024,6,La Rioja,29.5,55.2,0.4
2024,6,Mendoza,25.7,54.0,0.8
2024,6,Misiones,27.0,66.7,0.1
2024,6,Neuquén,21.6,52.3,0.4
2024,6,Río Negro,21.5,53.2,0.2
2024,6,Salta,25.9,71.1,0.7
2024,6,San Juan,29.8,54.4,0.5
2024,6,San Luis,26.7,65.4,0.8
2024,6,Santa Cruz,15.6,46.9,0.1
2024,6,Santa Fe,31.2,65.9,0.2
2024,6,Santiago del Estero,31.3,60.1,0.3
2024,6,Tierra del Fuego,10.1,65.3,0.2
2024,6,Tucumán,28.3,71.5,0.5
2024,7,Buenos Aires,20.8,69.7,0.4
2024,7,CABA,22.0,68.0,0.5
2024,7,Catamarca,26.0,55.9,0.6
2024,7,Chaco,25.5,73.3,0.8
2024,7,Chubut,20.8,39.3,0.0
2024,7,Corrientes,24.9,71.6,0.6
2024,7,Córdoba,21.8,73.0,0.5
2024,7,Entre Ríos,23.0,72.0,0.5
2024,7,Formosa,27.2,70.9,0.6
2024,7,Jujuy,18.9,75.5,1.7
2024,7,La Pampa,22.0,66.6,0.3
2024,7,La Rioja,25.6,56.9,0.3
2024,7,Mendoza,23.8,47.8,0.2
2024,7,Misiones,24.5,80.8,0.6
2024,7,Neuquén,22.2,42.8,0.0
2024,7,Río Negro,21.2,41.8,0.0
2024,7,Salta,23.4,76.8,1.2
2024,7,San Juan,27.2,50.8,0.4
2024,7,San Luis,23.1,65.8,0.8
2024,7,Santa Cruz,15.3,56.2,0.1
2024,7,Santa Fe,23.7,72.1,0.5
2024,7,Santiago del Estero,26.2,66.0,0.7
2024,7,Tierra del Fuego,9.7,69.5,0.3
2024,7,Tucumán,23.9,79.1,1.5
2024,8,Buenos Aires,22.7,71.6,0.2
2024,8,CABA,24.1,73.0,0.0
2024,8,Catamarca,25.3,58.8,0.3
2024,8,Chaco,28.0,68.8,0.3
2024,8,Chubut,17.9,52.2,0.1
2024,8,Corrientes,27.3,68.7,0.2
2024,8,Córdoba,22.8,75.6,0.6
2024,8,Entre Ríos,25.0,73.5,0.2
2024,8,Formosa,29.1,64.4,0.2
2024,8,Jujuy,18.8,74.3,1.1
2024,8,La Pampa,22.9,71.5,0.3
2024,8,La Rioja,25.1,62.5,0.4
2024,8,Mendoza,22.9,54.9,0.3
2024,8,Misiones,24.8,77.0,0.4
2024,8,Neuquén,20.5,46.9,0.1
2024,8,Río Negro,19.5,51.5,0.1
2024,8,Salta,23.6,78.1,0.7
2024,8,San Juan,27.4,50.4,0.1
2024,8,San Luis,23.0,66.1,0.3
2024,8,Santa Cruz,13.1,60.6,0.1
2024,8,Santa Fe,25.4,75.3,0.3
2024,8,Santiago del Estero,26.2,68.3,0.2
2024,8,Tierra del Fuego,8.4,74.8,0.4
2024,8,Tucumán,23.9,80.7,0.4
2024,9,Buenos Aires,22.1,72.2,0.4
2024,9,CABA,22.9,75.6,0.7
2024,9,Catamarca,26.1,62.9,0.9
2024,9,Chaco,26.8,82.5,0.9
2024,9,Chubut,16.8,52.6,0.0
2024,9,Corrientes,26.0,83.4,1.2
2024,9,Córdoba,23.0,80.7,0.4
2024,9,Entre Ríos,24.3,80.0,0.7
2024,9,Formosa,29.7,68.5,0.4
2024,9,Jujuy,19.3,75.5,1.3
2024,9,La Pampa,23.2,68.3,0.4
2024,9,La Rioja,25.6,67.7,0.4
2024,9,Mendoza,23.5,56.7,0.2
2024,9,Misiones,25.0,82.0,0.9
2024,9,Neuquén,19.3,47.3,0.0
2024,9,Río Negro,18.4,51.1,0.1
2024,9,Salta,24.8,78.5,0.8
2024,9,San Juan,28.4,51.0,0.1
2024,9,San Luis,23.8,69.1,0.1
2024,9,Santa Cruz,13.0,60.6,0.1
2024,9,Santa Fe,24.4,83.4,1.0
2024,9,Santiago del Estero,25.9,80.7,0.8
2024,9,Tierra del Fuego,9.4,77.8,0.4
2024,9,Tucumán,23.8,87.8,0.9
2024,10,Buenos Aires,20.8,65.9,0.3
2024,10,CABA,21.9,63.2,0.4
2024,10,Catamarca,25.1,64.1,0.1
2024,10,Chaco,25.9,75.1,0.6
2024,10,Chubut,15.5,47.8,0.0
2024,10,Corrientes,24.3,75.4,0.6
2024,10,Córdoba,22.3,73.3,0.2
2024,10,Entre Ríos,23.1,68.1,0.3
2024,10,Formosa,27.8,70.4,0.5
2024,10,Jujuy,18.5,78.3,0.8
2024,10,La Pampa,21.8,65.1,0.3
2024,10,La Rioja,24.6,69.1,0.1
2024,10,Mendoza,22.2,56.3,0.2
2024,10,Misiones,23.4,84.3,1.1
2024,10,Neuquén,16.8,47.2,0.0
2024,10,Río Negro,16.7,49.9,0.1
2024,10,Salta,22.7,83.3,0.7
2024,10,San Juan,26.5,53.0,0.2
2024,10,San Luis,23.0,68.5,0.2
2024,10,Santa Cruz,11.9,59.7,0.2
2024,10,Santa Fe,23.8,72.2,0.3
2024,10,Santiago del Estero,25.4,80.8,0.3
2024,10,Tierra del Fuego,8.5,81.5,0.7
2024,10,Tucumán,22.8,88.2,0.6
2024,11,Buenos Aires,21.1,81.7,1.4
2024,11,CABA,22.2,85.2,2.9
2024,11,Catamarca,28.8,60.7,0.1
2024,11,Chaco,31.7,66.4,0.0
2024,11,Chubut,14.8,40.3,0.0
2024,11,Corrientes,29.7,76.6,0.4
2024,11,Córdoba,24.2,82.8,0.4
2024,11,Entre Ríos,25.3,82.9,1.6
2024,11,Formosa,34.0,59.0,0.0
2024,11,Jujuy,21.9,72.6,0.6
2024,11,La Pampa,21.6,70.5,0.3
2024,11,La Rioja,27.6,63.7,0.1
2024,11,Mendoza,21.7,55.2,0.0
2024,11,Misiones,27.7,71.6,0.2
2024,11,Neuquén,15.3,49.1,0.0
2024,11,Río Negro,15.9,48.9,0.1
2024,11,Salta,26.9,76.6,0.5
2024,11,San Juan,28.3,50.6,0.0
2024,11,San Luis,22.6,76.0,0.4
2024,11,Santa Cruz,9.5,55.9,0.1
2024,11,Santa Fe,28.0,79.3,0.5
2024,11,Santiago del Estero,29.9,73.4,0.2
2024,11,Tierra del Fuego,5.9,70.5,0.4
2024,11,Tucumán,27.4,83.1,0.4
2024,12,Buenos Aires,18.9,76.0,0.4
2024,12,CABA,20.3,76.5,0.6
2024,12,Catamarca,24.7,55.0,0.1
2024,12,Chaco,26.1,71.8,0.4
2024,12,Chubut,14.1,50.6,0.1
2024,12,Corrientes,23.9,77.9,1.0
2024,12,Córdoba,21.3,70.1,0.2
2024,12,Entre Ríos,21.2,77.0,0.8
2024,12,Formosa,28.4,64.6,0.3
2024,12,Jujuy,18.8,71.6,0.4
2024,12,La Pampa,19.6,67.9,0.3
2024,12,La Rioja,23.8,59.3,0.1
2024,12,Mendoza,20.2,46.8,0.0
2024,12,Misiones,23.7,77.8,0.6
2024,12,Neuquén,14.4,57.0,0.5
2024,12,Río Negro,14.7,57.3,0.3
2024,12,Salta,22.6,77.3,0.4
2024,12,San Juan,24.9,46.1,0.1
2024,12,San Luis,21.6,61.4,0.1
2024,12,Santa Cruz,8.5,70.0,0.1
2024,12,Santa Fe,22.4,77.3,0.4
2024,12,Santiago del Estero,24.6,72.4,0.3
2024,12,Tierra del Fuego,5.3,76.8,0.1
2024,12,Tucumán,22.4,82.8,0.5
2024,13,Buenos Aires,19.9,71.8,0.1
2024,13,CABA,20.7,71.8,0.1
2024,13,Catamarca,26.0,55.0,0.1
2024,13,Chaco,25.7,71.3,0.1
2024,13,Chubut,15.9,44.8,0.0
2024,13,Corrientes,24.3,73.8,0.1
2024,13,Córdoba,23.1,67.1,0.2
2024,13,Entre Ríos,21.5,73.1,0.2
2024,13,Formosa,28.2,63.8,0.2
2024,13,Jujuy,18.8,67.9,0.2
2024,13,La Pampa,21.7,65.9,0.2
2024,13,La Rioja,25.6,53.4,0.1
2024,13,Mendoza,21.9,49.6,0.2
2024,13,Misiones,24.2,71.5,0.0
2024,13,Neuquén,17.1,53.4,0.0
2024,13,Río Negro,16.5,54.7,0.0
2024,13,Salta,24.5,71.4,0.2
2024,13,San Juan,26.7,48.5,0.1
2024,13,San Luis,23.2,60.6,0.2
2024,13,Santa Cruz,11.2,54.3,0.0
2024,13,Santa Fe,23.6,73.1,0.2
2024,13,Santiago del Estero,27.3,61.5,0.1
2024,13,Tierra del Fuego,7.0,73.2,0.4
2024,13,Tucumán,24.8,77.3,0.1
2024,14,Buenos Aires,16.9,70.1,0.3
2024,14,CABA,17.8,73.1,0.6
2024,14,Catamarca,21.9,62.5,0.0
2024,14,Chaco,24.6,83.3,1.1
2024,14,Chubut,13.1,47.1,0.1
2024,14,Corrientes,22.8,83.8,0.9
2024,14,Córdoba,18.2,73.1,0.1
2024,14,Entre Ríos,17.7,81.9,0.8
2024,14,Formosa,26.5,79.1,0.8
2024,14,Jujuy,17.7,75.1,0.5
2024,14,La Pampa,18.3,63.3,0.1
2024,14,La Rioja,21.0,61.8,0.0
2024,14,Mendoza,18.3,48.5,0.0
2024,14,Misiones,24.3,79.2,0.5
2024,14,Neuquén,13.1,59.5,0.2
2024,14,Río Negro,13.7,54.6,0.2
2024,14,Salta,20.6,85.7,0.3
2024,14,San Juan,22.0,53.5,0.2
2024,14,San Luis,19.4,59.5,0.0
2024,14,Santa Cruz,8.6,54.8,0.1
2024,14,Santa Fe,19.0,85.2,0.5
2024,14,Santiago del Estero,20.6,82.4,0.2
2024,14,Tierra del Fuego,5.5,68.7,0.3
2024,14,Tucumán,19.5,90.9,0.3
2024,15,Buenos Aires,15.0,79.7,0.5
2024,15,CABA,17.5,76.0,0.6
2024,15,Catamarca,15.8,77.9,0.2
2024,15,Chaco,20.7,91.8,0.7
2024,15,Chubut,10.2,59.1,0.0
2024,15,Corrientes,20.3,88.4,0.8
2024,15,Córdoba,14.5,87.5,0.5
2024,15,Entre Ríos,17.6,84.1,0.5
2024,15,Formosa,21.9,91.7,1.0
2024,15,Jujuy,15.4,77.5,0.4
2024,15,La Pampa,13.2,80.6,1.0
2024,15,La Rioja,14.9,83.6,0.3
2024,15,Mendoza,11.6,70.0,0.4
2024,15,Misiones,22.4,86.1,0.9
2024,15,Neuquén,10.0,68.2,0.1
2024,15,Río Negro,10.3,66.0,0.2
2024,15,Salta,16.7,88.9,0.4
2024,15,San Juan,15.9,70.9,0.3
2024,15,San Luis,13.3,82.5,0.5
2024,15,Santa Cruz,7.5,59.9,0.0
2024,15,Santa Fe,17.6,86.2,0.5
2024,15,Santiago del Estero,17.3,88.7,0.3
2024,15,Tierra del Fuego,5.8,74.3,0.2
2024,15,Tucumán,16.3,92.4,0.6
2024,16,Buenos Aires,17.1,74.7,1.3
2024,16,CABA,18.3,76.7,1.1427428571428571e+19
2024,16,Catamarca,18.8,58.3,0.0
2024,16,Chaco,19.7,78.0,0.7
2024,16,Chubut,12.2,55.3,0.1
2024,16,Corrientes,19.5,77.5,1.1
2024,16,Córdoba,17.8,69.3,0.1
2024,16,Entre Ríos,18.7,76.0,1.4
2024,16,Formosa,20.6,73.8,0.5
2024,16,Jujuy,14.8,60.5,0.0
2024,16,La Pampa,15.8,72.8,0.5
2024,16,La Rioja,18.3,61.2,0.0
2024,16,Mendoza,15.2,60.4,0.0
2024,16,Misiones,19.6,78.8,1.6
2024,16,Neuquén,12.1,62.6,0.2
2024,16,Río Negro,12.1,65.4,0.5
2024,16,Salta,17.7,75.5,0.0
2024,16,San Juan,18.4,61.4,0.0
2024,16,San Luis,16.3,69.7,0.1
2024,16,Santa Cruz,9.4,61.4,0.1
2024,16,Santa Fe,18.3,75.9,0.3
2024,16,Santiago del Estero,20.6,64.8,0.0
2024,16,Tierra del Fuego,6.8,81.0,0.3
2024,16,Tucumán,19.1,72.1,0.0
2024,17,Buenos Aires,13.1,74.1,0.2
2024,17,CABA,15.3,70.0,0.4
2024,17,Catamarca,18.5,75.7,0.0
2024,17,Chaco,23.5,86.9,0.6
2024,17,Chubut,8.8,53.6,0.1
2024,17,Corrientes,21.4,84.4,0.9
2024,17,Córdoba,15.3,76.7,0.1
2024,17,Entre Ríos,16.9,77.7,0.7
2024,17,Formosa,26.0,83.2,0.3
2024,17,Jujuy,17.9,65.6,0.3
2024,17,La Pampa,12.5,69.7,0.1
2024,17,La Rioja,17.3,74.5,0.1
2024,17,Mendoza,13.2,59.6,0.0
2024,17,Misiones,22.8,89.3,0.7
2024,17,Neuquén,8.7,64.6,0.3
2024,17,Río Negro,8.9,61.6,0.4
2024,17,Salta,20.0,84.9,0.2
2024,17,San Juan,18.2,67.4,0.0
2024,17,San Luis,14.9,72.6,0.0
2024,17,Santa Cruz,5.5,59.6,0.0
2024,17,Santa Fe,17.5,81.8,0.3
2024,17,Santiago del Estero,18.2,88.9,0.4
2024,17,Tierra del Fuego,3.8,83.6,0.4
2024,17,Tucumán,17.6,93.2,0.3
2024,18,Buenos Aires,14.4,76.8,0.3
2024,18,CABA,15.9,80.6,0.7
2024,18,Catamarca,21.2,62.6,0.0
2024,18,Chaco,25.8,83.2,0.0
2024,18,Chubut,8.8,54.1,0.1
2024,18,Corrientes,24.3,84.7,0.5
2024,18,Córdoba,17.2,75.1,0.0
2024,18,Entre Ríos,17.7,87.8,0.5
2024,18,Formosa,28.5,72.4,0.0
2024,18,Jujuy,17.7,57.0,0.0
2024,18,La Pampa,13.4,64.3,0.0
2024,18,La Rioja,19.7,69.5,0.0
2024,18,Mendoza,14.3,43.9,0.0
2024,18,Misiones,25.7,76.0,0.2
2024,18,Neuquén,7.1,64.6,1.2
2024,18,Río Negro,8.6,63.9,0.9
2024,18,Salta,20.5,79.6,0.0
2024,18,San Juan,21.6,38.2,0.0
2024,18,San Luis,16.0,63.4,0.0
2024,18,Santa Cruz,3.9,80.2,0.8
2024,18,Santa Fe,19.2,85.4,0.1
2024,18,Santiago del Estero,20.8,84.4,0.0
2024,18,Tierra del Fuego,1.1,81.9,0.2
2024,18,Tucumán,19.0,85.9,0.0
2025,1,Buenos Aires,22.2,59.6,0.0
2025,1,CABA,22.6,61.8,0.0
2025,1,Catamarca,28.7,48.4,0.2
2025,1,Chaco,27.4,59.6,0.0
2025,1,Chubut,19.1,60.9,0.1
2025,1,Corrientes,27.3,52.3,0.0
2025,1,Córdoba,26.5,56.2,0.0
2025,1,Entre Ríos,25.6,50.9,0.0
2025,1,Formosa,28.5,58.8,0.3
2025,1,Jujuy,19.0,73.2,1.1
2025,1,La Pampa,26.3,40.8,0.0
2025,1,La Rioja,29.3,45.5,0.2
2025,1,Mendoza,26.2,43.2,0.1
2025,1,Misiones,25.6,61.7,0.1
2025,1,Neuquén,23.6,38.6,0.0
2025,1,Río Negro,20.4,52.3,0.0
2025,1,Salta,24.5,75.4,0.7
2025,1,San Juan,29.6,42.7,0.3
2025,1,San Luis,27.3,47.7,0.0
2025,1,Santa Cruz,16.6,56.5,0.0
2025,1,Santa Fe,27.4,55.1,0.0
2025,1,Santiago del Estero,29.0,59.7,0.1
2025,1,Tierra del Fuego,11.5,67.9,0.1
2025,1,Tucumán,25.6,73.8,0.2
2025,2,Buenos Aires,24.9,58.6,0.0
2025,2,CABA,23.5,68.3,0.0
2025,2,Catamarca,27.4,52.0,0.3
2025,2,Chaco,28.0,51.3,0.0
2025,2,Chubut,20.9,44.7,0.0
2025,2,Corrientes,27.9,49.4,0.0
2025,2,Córdoba,26.8,56.4,0.1
2025,2,Entre Ríos,27.0,46.2,0.0
2025,2,Formosa,29.5,48.6,0.0
2025,2,Jujuy,18.4,77.0,0.7
2025,2,La Pampa,26.8,56.0,0.2
2025,2,La Rioja,27.8,51.5,0.3
2025,2,Mendoza,24.5,51.7,0.5
2025,2,Misiones,25.6,60.7,0.1
2025,2,Neuquén,23.8,38.6,0.0
2025,2,Río Negro,22.3,45.3,0.0
2025,2,Salta,24.4,70.8,0.4
2025,2,San Juan,28.3,47.6,0.3
2025,2,San Luis,25.8,52.2,0.4
2025,2,Santa Cruz,15.6,52.3,0.0
2025,2,Santa Fe,29.0,49.0,0.0
2025,2,Santiago del Estero,29.5,60.4,0.1
2025,2,Tierra del Fuego,10.1,67.1,0.4
2025,2,Tucumán,26.3,68.7,0.3
2025,3,Buenos Aires,26.5,56.8,0.2
2025,3,CABA,26.0,68.6,0.1
2025,3,Catamarca,28.7,38.6,0.2
2025,3,Chaco,29.9,50.9,0.1
2025,3,Chubut,18.6,39.1,0.0
2025,3,Corrientes,29.7,52.5,0.1
2025,3,Córdoba,27.8,55.0,0.2
2025,3,Entre Ríos,28.6,52.0,0.3
2025,3,Formosa,31.3,48.9,0.2
2025,3,Jujuy,19.3,61.5,0.4
2025,3,La Pampa,27.3,51.6,0.2
2025,3,La Rioja,29.3,40.4,0.2
2025,3,Mendoza,25.4,42.1,0.3
2025,3,Misiones,25.8,70.0,0.3
2025,3,Neuquén,21.0,38.7,0.0
2025,3,Río Negro,19.6,47.0,0.0
2025,3,Salta,25.7,54.6,0.3
2025,3,San Juan,29.7,39.0,0.2
2025,3,San Luis,27.1,47.0,0.3
2025,3,Santa Cruz,14.0,40.4,0.0
2025,3,Santa Fe,29.8,51.9,0.2
2025,3,Santiago del Estero,30.7,48.3,0.0
2025,3,Tierra del Fuego,8.7,62.7,0.4
2025,3,Tucumán,27.9,50.5,0.1
2025,4,Buenos Aires,25.2,46.2,0.1
2025,4,CABA,24.7,47.2,0.3
2025,4,Catamarca,27.2,62.7,0.3
2025,4,Chaco,27.0,73.1,0.6
2025,4,Chubut,19.2,40.8,0.0
2025,4,Corrientes,27.0,63.9,0.6
2025,4,Córdoba,25.8,70.9,0.3
2025,4,Entre Ríos,26.9,59.0,0.2
2025,4,Formosa,29.4,73.2,0.3
2025,4,Jujuy,19.1,72.2,1.2
2025,4,La Pampa,26.8,53.0,0.1
2025,4,La Rioja,27.0,66.0,0.4
2025,4,Mendoza,24.9,53.7,0.2
2025,4,Misiones,24.5,76.8,0.9
2025,4,Neuquén,21.5,45.5,0.0
2025,4,Río Negro,20.8,40.8,0.0
2025,4,Salta,24.2,72.1,1.0
2025,4,San Juan,28.6,53.1,0.4
2025,4,San Luis,25.2,58.9,0.4
2025,4,Santa Cruz,14.8,49.6,0.1
2025,4,Santa Fe,27.2,67.2,0.3
2025,4,Santiago del Estero,27.5,85.3,0.6
2025,4,Tierra del Fuego,9.4,82.0,0.3
2025,4,Tucumán,25.2,89.7,1.0
2025,5,Buenos Aires,25.5,60.4,0.2
2025,5,CABA,25.1,70.5,0.1
2025,5,Catamarca,27.8,53.5,0.3
2025,5,Chaco,27.3,66.2,0.5
2025,5,Chubut,20.4,37.3,0.0
2025,5,Corrientes,27.4,66.0,0.4
2025,5,Córdoba,26.2,65.3,0.6
2025,5,Entre Ríos,27.4,60.0,0.3
2025,5,Formosa,28.8,64.0,0.4
2025,5,Jujuy,19.9,69.2,0.6
2025,5,La Pampa,26.9,56.4,0.3
2025,5,La Rioja,27.0,59.0,0.5
2025,5,Mendoza,26.0,48.0,0.3
2025,5,Misiones,24.9,75.5,0.5
2025,5,Neuquén,22.3,38.8,0.0
2025,5,Río Negro,21.5,42.3,0.0
2025,5,Salta,25.6,69.3,0.6
2025,5,San Juan,29.4,47.4,0.2
2025,5,San Luis,26.9,50.1,0.4
2025,5,Santa Cruz,15.8,43.5,0.2
2025,5,Santa Fe,27.3,63.5,0.4
2025,5,Santiago del Estero,27.8,67.4,0.3
2025,5,Tierra del Fuego,10.2,68.9,0.4
2025,5,Tucumán,26.0,73.5,0.6
2025,6,Buenos Aires,24.9,65.8,0.3
2025,6,CABA,25.5,70.4,0.2
2025,6,Catamarca,31.8,39.9,0.1
2025,6,Chaco,32.9,51.9,0.0
2025,6,Chubut,17.4,43.1,0.0
2025,6,Corrientes,32.3,55.3,0.1
2025,6,Córdoba,28.4,61.2,0.2
2025,6,Entre Ríos,29.5,58.9,0.1
2025,6,Formosa,32.7,51.9,0.0
2025,6,Jujuy,21.7,58.8,0.0
2025,6,La Pampa,25.4,62.1,0.3
2025,6,La Rioja,31.4,44.5,0.1
2025,6,Mendoza,26.6,43.4,0.0
2025,6,Misiones,26.8,72.2,0.3
2025,6,Neuquén,20.7,42.3,0.0
2025,6,Río Negro,19.4,49.3,0.0
2025,6,Salta,28.7,56.6,0.0
2025,6,San Juan,31.7,40.9,0.0
2025,6,San Luis,28.0,52.1,0.2
2025,6,Santa Cruz,11.5,52.6,0.1
2025,6,Santa Fe,31.3,58.1,0.1
2025,6,Santiago del Estero,33.2,51.1,0.0
2025,6,Tierra del Fuego,8.1,67.3,0.2
2025,6,Tucumán,30.8,60.8,0.0
2025,7,Buenos Aires,23.1,66.5,0.3
2025,7,CABA,23.9,71.6,0.5
2025,7,Catamarca,29.3,49.1,0.2
2025,7,Chaco,31.7,56.1,0.1
2025,7,Chubut,16.7,46.2,0.0
2025,7,Corrientes,30.3,64.2,0.3
2025,7,Córdoba,25.7,68.5,0.6
2025,7,Entre Ríos,25.8,75.8,0.9
2025,7,Formosa,32.2,54.7,0.1
2025,7,Jujuy,21.0,67.2,0.2
2025,7,La Pampa,24.4,57.8,0.2
2025,7,La Rioja,29.0,52.5,0.2
2025,7,Mendoza,24.9,37.7,0.1
2025,7,Misiones,27.1,72.7,0.1
2025,7,Neuquén,19.3,42.2,0.0
2025,7,Río Negro,18.5,47.7,0.0
2025,7,Salta,27.6,63.0,0.2
2025,7,San Juan,30.2,39.6,0.1
2025,7,San Luis,25.7,55.8,0.4
2025,7,Santa Cruz,11.7,53.1,0.1
2025,7,Santa Fe,27.9,68.1,0.7
2025,7,Santiago del Estero,31.0,60.9,0.3
2025,7,Tierra del Fuego,7.4,72.3,1.0
2025,7,Tucumán,28.3,68.3,0.3
2025,8,Buenos Aires,24.7,63.6,0.2
2025,8,CABA,24.9,68.6,0.0
2025,8,Catamarca,28.0,54.6,0.5
2025,8,Chaco,28.7,65.1,0.5
2025,8,Chubut,20.1,39.2,0.0
2025,8,Corrientes,27.2,72.6,0.7
2025,8,Córdoba,27.2,61.1,0.1
2025,8,Entre Ríos,26.5,69.0,0.1
2025,8,Formosa,28.1,71.9,0.9
2025,8,Jujuy,19.3,72.4,0.8
2025,8,La Pampa,26.4,55.9,0.1
2025,8,La Rioja,28.1,56.0,0.3
2025,8,Mendoza,25.5,39.1,0.1
2025,8,Misiones,24.8,80.0,0.6
2025,8,Neuquén,21.0,46.3,0.0
2025,8,Río Negro,20.7,46.5,0.0
2025,8,Salta,24.4,76.7,1.0
2025,8,San Juan,29.1,43.5,0.4
2025,8,San Luis,27.5,47.9,0.0
2025,8,Santa Cruz,14.6,49.7,0.1
2025,8,Santa Fe,28.3,64.1,0.1
2025,8,Santiago del Estero,28.3,66.8,0.7
2025,8,Tierra del Fuego,9.1,64.0,0.2
2025,8,Tucumán,25.8,72.7,1.0
2025,9,Buenos Aires,22.8,80.1,1.4
2025,9,CABA,23.8,81.2,1.8
2025,9,Catamarca,29.5,55.1,0.5
2025,9,Chaco,31.9,55.6,0.0
2025,9,Chubut,17.0,51.6,0.0
2025,9,Corrientes,30.8,69.5,0.1
2025,9,Córdoba,25.7,77.6,1.3
2025,9,Entre Ríos,26.3,84.9,0.9
2025,9,Formosa,30.8,61.8,0.0
2025,9,Jujuy,20.8,66.1,0.4
2025,9,La Pampa,22.9,77.3,1.0
2025,9,La Rioja,29.0,60.5,0.6
2025,9,Mendoza,23.8,58.2,0.2
2025,9,Misiones,27.3,73.2,0.1
2025,9,Neuquén,19.6,52.4,0.0
2025,9,Río Negro,18.7,59.7,0.2
2025,9,Salta,26.7,68.6,0.3
2025,9,San Juan,28.6,55.5,0.3
2025,9,San Luis,24.4,73.4,1.6
2025,9,Santa Cruz,11.6,51.2,0.0
2025,9,Santa Fe,28.8,78.6,0.6
2025,9,Santiago del Estero,31.5,62.9,0.1
2025,9,Tierra del Fuego,6.9,74.6,0.3
2025,9,Tucumán,28.5,69.6,0.1
2025,10,Buenos Aires,23.6,78.8,1.5
2025,10,CABA,25.4,77.5,0.2
2025,10,Catamarca,28.4,57.8,0.5
2025,10,Chaco,31.5,51.4,0.1
2025,10,Chubut,16.9,52.1,0.0
2025,10,Corrientes,31.6,61.7,0.1
2025,10,Córdoba,26.5,68.8,0.8
2025,10,Entre Ríos,28.5,71.7,0.0
2025,10,Formosa,31.1,56.2,0.0
2025,10,Jujuy,18.6,75.3,0.9
2025,10,La Pampa,22.5,78.6,1.7
2025,10,La Rioja,28.6,60.7,0.3
2025,10,Mendoza,22.2,61.8,0.6
2025,10,Misiones,28.0,67.7,0.1
2025,10,Neuquén,18.1,54.6,0.0
2025,10,Río Negro,17.8,58.9,0.4
2025,10,Salta,25.0,72.3,0.5
2025,10,San Juan,27.9,56.9,0.2
2025,10,San Luis,24.8,68.0,0.9
2025,10,Santa Cruz,11.7,56.6,0.1
2025,10,Santa Fe,29.6,69.8,0.1
2025,10,Santiago del Estero,30.7,58.1,0.4
2025,10,Tierra del Fuego,7.7,78.6,0.6
2025,10,Tucumán,28.0,68.5,0.3
2025,11,Buenos Aires,17.8,70.6,
2025,11,CABA,19.4,66.3,
2025,11,Catamarca,22.3,65.1,
2025,11,Chaco,25.0,51.1,
2025,11,Chubut,16.4,49.2,
2025,11,Corrientes,22.9,59.7,
2025,11,Córdoba,18.8,76.1,
2025,11,Entre Ríos,19.5,71.2,
2025,11,Formosa,24.7,67.8,
2025,11,Jujuy,15.7,82.9,
2025,11,La Pampa,18.1,65.6,
2025,11,La Rioja,21.1,71.5,
2025,11,Mendoza,19.3,56.2,
2025,11,Misiones,23.1,74.2,
2025,11,Neuquén,19.1,46.8,
2025,11,Río Negro,17.1,46.9,
2025,11,Salta,19.8,87.6,
2025,11,San Juan,22.3,60.0,
2025,11,San Luis,18.4,75.3,
2025,11,Santa Cruz,12.8,53.2,
2025,11,Santa Fe,20.3,70.4,
2025,11,Santiago del Estero,21.5,74.4,
2025,11,Tierra del Fuego,9.1,72.0,
2025,11,Tucumán,19.2,88.1,
2025,12,Buenos Aires,22.5,75.2,
2025,12,CABA,23.9,74.7,
2025,12,Catamarca,26.1,58.5,
2025,12,Chaco,24.6,68.0,
2025,12,Chubut,16.3,49.5,
2025,12,Corrientes,25.9,62.1,
2025,12,Córdoba,22.4,72.5,
2025,12,Entre Ríos,23.9,71.3,
2025,12,Formosa,25.1,73.3,
2025,12,Jujuy,18.5,75.6,
2025,12,La Pampa,21.9,73.1,
2025,12,La Rioja,24.9,62.6,
2025,12,Mendoza,20.8,55.7,
2025,12,Misiones,25.0,67.3,
2025,12,Neuquén,17.5,51.8,
2025,12,Río Negro,16.0,57.1,
2025,12,Salta,22.6,85.8,
2025,12,San Juan,24.6,59.0,
2025,12,San Luis,21.7,68.9,
2025,12,Santa Cruz,12.5,50.6,
2025,12,Santa Fe,24.3,70.2,
2025,12,Santiago del Estero,25.5,71.3,
2025,12,Tierra del Fuego,9.3,65.9,
2025,12,Tucumán,23.8,78.7,
2025,13,Buenos Aires,19.7,78.8,1.3
2025,13,CABA,21.5,77.4,1.1
2025,13,Catamarca,21.8,74.0,0.0
2025,13,Chaco,24.8,85.1,1.1
2025,13,Chubut,15.7,52.0,0.1
2025,13,Corrientes,24.8,80.5,1.1
2025,13,Córdoba,20.1,86.1,0.6
2025,13,Entre Ríos,22.9,80.0,0.4
2025,13,Formosa,26.1,83.2,0.3
2025,13,Jujuy,18.0,71.4,0.2
2025,13,La Pampa,18.2,82.4,0.8
2025,13,La Rioja,20.9,82.3,0.1
2025,13,Mendoza,16.6,69.4,0.0
2025,13,Misiones,24.9,80.0,0.9
2025,13,Neuquén,14.5,62.2,0.1
2025,13,Río Negro,14.9,57.5,0.2
2025,13,Salta,21.4,87.6,0.1
2025,13,San Juan,21.1,70.8,0.0
2025,13,San Luis,18.2,85.7,0.4
2025,13,Santa Cruz,10.8,60.3,0.3
2025,13,Santa Fe,23.5,83.5,0.4
2025,13,Santiago del Estero,22.0,88.6,0.1
2025,13,Tierra del Fuego,7.3,71.8,0.2
2025,13,Tucumán,21.0,91.3,0.1
2025,14,Buenos Aires,13.3,69.7,0.2
2025,14,CABA,15.9,62.9,0.5
2025,14,Catamarca,16.5,56.2,0.1
2025,14,Chaco,17.8,80.0,0.3
2025,14,Chubut,11.0,50.3,0.1
2025,14,Corrientes,17.7,78.1,0.4
2025,14,Córdoba,13.6,66.4,0.1
2025,14,Entre Ríos,16.0,72.5,0.5
2025,14,Formosa,19.1,80.1,0.3
2025,14,Jujuy,13.6,73.5,0.3
2025,14,La Pampa,12.5,62.0,0.0
2025,14,La Rioja,15.6,62.3,0.1
2025,14,Mendoza,12.6,49.4,0.0
2025,14,Misiones,20.2,82.2,0.6
2025,14,Neuquén,11.3,50.5,0.0
2025,14,Río Negro,10.8,54.1,0.0
2025,14,Salta,15.7,78.7,0.2
2025,14,San Juan,16.8,49.8,0.0
2025,14,San Luis,13.4,60.7,0.0
2025,14,Santa Cruz,7.6,63.5,0.1
2025,14,Santa Fe,16.0,71.8,0.4
2025,14,Santiago del Estero,17.0,65.6,0.2
2025,14,Tierra del Fuego,4.7,78.8,0.2
2025,14,Tucumán,15.5,76.4,0.4
2025,15,Buenos Aires,16.6,79.7,0.3
2025,15,CABA,18.1,78.6,0.7
2025,15,Catamarca,18.5,61.6,0.0
2025,15,Chaco,19.3,80.2,0.2
2025,15,Chubut,14.4,62.9,0.1
2025,15,Corrientes,19.1,81.0,0.5
2025,15,Córdoba,16.3,77.1,0.1
2025,15,Entre Ríos,17.8,85.0,0.4
2025,15,Formosa,20.6,79.8,0.4
2025,15,Jujuy,15.0,65.7,0.1
2025,15,La Pampa,15.0,79.3,0.2
2025,15,La Rioja,17.8,67.8,0.0
2025,15,Mendoza,14.2,63.4,0.1
2025,15,Misiones,18.9,83.5,0.7
2025,15,Neuquén,13.6,59.0,0.0
2025,15,Río Negro,13.3,68.2,0.2
2025,15,Salta,17.8,78.3,0.1
2025,15,San Juan,18.7,59.8,0.0
2025,15,San Luis,15.6,70.2,0.1
2025,15,Santa Cruz,9.9,63.5,0.2
2025,15,Santa Fe,18.0,83.4,0.2
2025,15,Santiago del Estero,19.7,72.0,0.0
2025,15,Tierra del Fuego,6.9,74.4,0.1
2025,15,Tucumán,18.1,79.4,0.1
2025,16,Buenos Aires,13.5,78.7,0.3
2025,16,CABA,15.5,74.1,0.3
2025,16,Catamarca,19.7,63.3,0.0
2025,16,Chaco,21.6,67.4,0.0
2025,16,Chubut,10.4,71.8,0.2
2025,16,Corrientes,20.0,68.3,0.0
2025,16,Córdoba,16.5,73.7,0.1
2025,16,Entre Ríos,16.5,72.0,0.0
2025,16,Formosa,23.2,72.4,0.2
2025,16,Jujuy,15.3,67.9,0.2
2025,16,La Pampa,13.2,78.9,0.3
2025,16,La Rioja,18.9,68.8,0.1
2025,16,Mendoza,14.1,64.0,0.0
2025,16,Misiones,20.6,79.0,0.3
2025,16,Neuquén,10.6,65.5,0.1
2025,16,Río Negro,10.3,72.8,0.3
2025,16,Salta,19.5,81.9,0.2
2025,16,San Juan,19.6,61.5,0.0
2025,16,San Luis,15.9,76.8,0.1
2025,16,Santa Cruz,8.2,74.3,0.0
2025,16,Santa Fe,18.2,71.0,0.1
2025,16,Santiago del Estero,21.8,69.5,0.1
2025,16,Tierra del Fuego,6.8,84.1,0.1
2025,16,Tucumán,19.3,84.1,0.2
2025,17,Buenos Aires,15.4,71.2,0.2
2025,17,CABA,16.9,69.7,0.2
2025,17,Catamarca,18.9,67.6,0.0
2025,17,Chaco,20.8,77.5,0.6
2025,17,Chubut,11.2,61.9,0.1
2025,17,Corrientes,20.0,73.3,0.2
2025,17,Córdoba,17.5,68.3,0.1
2025,17,Entre Ríos,17.8,71.9,0.0
2025,17,Formosa,21.4,82.8,1.3
2025,17,Jujuy,14.9,75.9,0.3
2025,17,La Pampa,15.5,71.7,0.1
2025,17,La Rioja,18.4,70.9,0.0
2025,17,Mendoza,14.8,58.4,0.0
2025,17,Misiones,19.7,83.0,0.8
2025,17,Neuquén,12.0,70.6,0.3
2025,17,Río Negro,11.6,72.4,0.4
2025,17,Salta,18.4,87.7,0.2
2025,17,San Juan,19.0,60.6,0.2
2025,17,San Luis,16.6,68.1,0.0
2025,17,Santa Cruz,7.4,64.6,0.1
2025,17,Santa Fe,18.9,73.1,0.1
2025,17,Santiago del Estero,19.8,79.2,0.2
2025,17,Tierra del Fuego,5.9,78.9,0.3
2025,17,Tucumán,18.1,87.9,0.3
2025,18,Buenos Aires,14.0,67.6,0.0
2025,18,CABA,14.8,64.5,0.0
2025,18,Catamarca,18.6,58.3,0.0
2025,18,Chaco,16.4,68.4,0.0
2025,18,Chubut,10.5,64.2,0.0
2025,18,Corrientes,16.5,64.9,0.0
2025,18,Córdoba,17.1,59.7,0.0
2025,18,Entre Ríos,15.2,67.3,0.0
2025,18,Formosa,18.1,67.2,0.0
2025,18,Jujuy,13.9,76.4,0.1
2025,18,La Pampa,15.7,60.9,0.0
2025,18,La Rioja,17.9,64.2,0.0
2025,18,Mendoza,15.3,50.7,0.0
2025,18,Misiones,16.0,70.3,0.0
2025,18,Neuquén,11.0,65.8,0.0
2025,18,Río Negro,10.8,72.7,0.0
2025,18,Salta,17.4,81.0,0.1
2025,18,San Juan,18.3,54.6,0.0
2025,18,San Luis,16.8,61.8,0.0
2025,18,Santa Cruz,8.3,68.9,0.0
2025,18,Santa Fe,17.0,64.9,0.0
2025,18,Santiago del Estero,19.4,61.1,0.0
2025,18,Tierra del Fuego,6.9,77.8,0.0
2025,18,Tucumán,18.0,77.6,0.0
